"Species","1975","1976","1977","1978","1979","1980","1981","1982","1984","1985","1986","1987","1988","1989","1990","1991","1992","1993","1994","1995","1996","1997","1998","1999","2000","2001","2002","2003","2004","2005","2006","2007","2008","2009","2010","2011","2012","2013","2014","2015","2016","2017","2018","2019","2020"
"Greater White-fronted Goose",0,0,0,0,0,0,0,0,0,0,0,0,0,0,0,0,0,0,0,0,0,0,0,0,0,0,0,0,0,0,0.0086,0,0,0,0,0,0,0,0,0,0,0,0,0,0
"Snow Goose",0,0,0,0,0.0375,0,0,0,0,0,0,0.0086,0,0,0.0111,0.0095,0,0,0,0,0,0.0093,0,0.0197,0,0,0,0,0,0,0,0,0,0,0,0,0,0,0,0,0,0,0,0,0
"Cackling Goose",0,0,0,0,0,0,0,0,0,0,0,0,0,0,0,0,0,0,0,0,0,0,0,0,0,0,0,0,0,0,0,0,0.038,0,0,0,0,0,0.0087,0,0,0,0,0,0.0149
"Canada Goose",4.9278,11.6374,9.0714,17.3435,21.6875,23.5844,21.8182,28.4643,17.056,22.1864,26.5207,15.5086,21.867,20.6598,24.4556,11.4692,20.9608,16.7746,19.4286,31.5468,33.598,29.014,35.7409,43.2709,13.5824,26.2114,41.8857,21.4667,49.1298,38.7297,27.3662,39.8732,43.1559,39.6435,44.6825,53.4059,62.9578,37.6338,51.5826,38.6115,45.4877,29.1373,37.434,44.1252,25.7803
"Mute Swan",0,0,0,0,0,0,0,0,0,0,0,0,0,0,0,0,0,0,0,0,0,0,0,0.0197,0,0.0325,0,0.0356,0,0,0,0.0169,0,0,0,0.0181,0.0099,0,0.0087,0.0552,0.0591,0,0.0419,0.0278,0.0298
"Trumpeter Swan",0,0,0,0,0,0,0,0,0,0,0,0,0,0,0,0,0,0,0,0,0,0,0,0,0,0.0163,0,0.0089,0,0.0105,0.0086,0,0,0,0,0,0.0893,0,0.0609,0.1471,0,0,0.0755,0.0278,0.0149
"Tundra Swan",0,0,0,0,0,0,0,0,0,0,0,0,0,0,0,0,0,0,0.0099,0,0,0,0,0,0,0,0,0,0,0,0,0,0,0,0,0,0.0099,0,0,0.0092,0,0,0,0,0
"Wood Duck",1.0928,1.6484,0.6256,0.3664,0.2625,0.026,0,0,0.232,0.0424,0.0413,0.0086,0,0.0103,0,0,0,0.0112,0.0099,0,0,0,0.0207,0.0394,0.011,0,0,0.0356,0,0,0,0,0,0,0,0,0.0099,0,0.0087,0,0.0099,0,0.0084,0,0
"Gadwall",0,0.011,0,0,0,0.013,0,0,0,0,0,0,0,0,0,0,0.0294,0,0,0,0,0,0.1036,0.0394,0,0.0813,0,0,0,0,0.0086,0,0.0228,0,0.0095,0,0,0,0,0,0.0099,0,0,0,0
"American Wigeon",0,0.022,0.0293,0,0,0,0,0,0,0,0,0,0,0,0,0,0,0,0,0,0,0,0,0.0099,0,0,0,0,0,0,0,0,0,0,0,0.0091,0,0,0,0,0,0,0,0,0
"American Black Duck",3.1443,2.7692,3.5875,0.9008,0.6875,0.7662,1.4646,1.3333,0.408,0.4322,0.3306,0.4828,0.1275,0.2474,0.2889,0.218,0.2059,0.4353,0.2365,0.2266,0.2412,0.1581,0.3109,0.8966,0.3516,0.1789,1.0571,0.8,0.3359,0.399,0.0086,0.3721,0.251,0.3993,0.7773,1.5238,1.3102,0.6854,1.5043,0.5517,1.0246,0.3039,0.3857,0.2087,0.3575
"Mallard",50.8557,52.8901,33.6461,43.8473,35.1875,4.4416,16.3535,6.6905,5.144,2.4661,5.1322,5.2759,3.3607,6.9691,8.3444,7.1848,5.2353,9.6317,9.1823,13.7537,11.2965,11.014,16.601,35.9606,19.7363,19.2195,29.9524,10.4622,7.827,9.9528,4.8137,10.3848,9.7338,9.4474,17.3839,21.3968,43.5831,8.4789,36.1304,16.3218,9.8424,12.1863,15.4969,10.9009,8.7523
"Mallard (Domestic type)",0,0,0,0,0,0,0,0,0,0,0,0,0,0,0,0,0,0,0,0.0099,0.0101,0,0.0207,0,0,0,0,0,0,0,0,0,0,0,0,0,0,0,0,0,0,0,0,0,0
"American Black Duck x Mallard (hybrid)",0,0,0.0098,0,0,0,0,0,0,0,0,0,0,0,0,0,0,0,0,0,0,0,0,0.0197,0,0.0244,0.0762,0,0,0,0,0,0,0,0,0,0,0,0,0.0184,0,0,0,0.007,0.0223
"Northern Shoveler",0,0,0,0,0,0,0,0,0,0,0,0,0,0,0,0,0,0,0,0.0099,0,0,0,0,0.011,0.0081,0,0,0,0,0,0,0,0,0,0,0.1092,0,0,0.0368,0,0,0,0,0
"Northern Pintail",0.1134,0.0549,0.0391,0.0458,0.05,0.026,0.0202,0,0,0,0,0,0,0,0,0,0,0,0,0,0.0101,0,0.0104,0,0.011,0,0,0.0178,0,0.0105,0,0,0,0.0071,0.0095,0,0.1191,0,0,0,0,0,0.0084,0,0
"Mallard x Northern Pintail (hybrid)",0,0,0,0,0,0,0,0,0,0,0,0,0,0,0,0,0,0,0,0,0,0,0,0,0,0,0,0,0,0,0,0,0,0,0,0,0,0,0.0087,0,0,0,0,0.007,0
"Green-winged Teal",0.0103,0.0769,0.0098,0.0153,0,0,0,0,0,0,0,0,0,0,0,0,0,0,0,0,0,0,0,0,0,0,0.0095,0,0,0,0,0,0,0,0,0.0544,0.0099,0,0.087,0.0644,0,0.0882,0,0.0209,0.067
"Green-winged Teal (American)",0,0,0,0,0,0,0,0,0,0,0,0,0.0182,0,0,0,0,0,0,0.0197,0,0,0,0,0,0,0,0,0,0,0,0,0,0,0.0095,0,0,0.1127,0,0,0.0296,0,0,0,0
"Canvasback",0,0,0,0,0,0,0,0,0,0,0,0,0,0,0,0,0,0,0,0,0,0,0,0,0,0,0,0,0,0,0,0,0,0,0,0,0.0099,0,0,0,0,0,0,0,0
"Redhead",0,0,0,0,0,0,0,0,0,0,0,0,0,0,0,0,0,0,0,0,0,0,0,0,0,0,0,0,0,0,0.0343,0,0,0,0,0,0,0,0,0.0092,0.0099,0,0,0,0
"Ring-necked Duck",0,0,0,0,0,0,0,0,0,0,0,0,0,0,0,0,0,0,0,0,0,0,0.4352,0,0,0.0081,0,0,0,0,0.0086,0,0.038,0,0,0.0181,0.0298,0,0,0,0,0,0,0,0
"Greater Scaup",0,0,0,0,0,0,0,0,0,0,0,0,0,0,0,0,0,0,0,0,0,0,0,0,0,0,0,0,0,0,0,0,0,0,0,0.1451,0,0,0,0,0,0,0,0,0
"Lesser Scaup",0,0,0,0,0,0,0,0,0,0,0,0,0,0,0,0,0,0,0,0,0,0,0.0829,0,0,0,0,0,0.0102,0,0,0,0,0,0,0,0,0,0,0,0.0197,0,0,0,0
"Greater/Lesser Scaup",0,0,0,0,0,0,0,0,0,0,0,0,0,0,0,0,0,0,0,0,0,0,0,0.0394,0,0,0,0,0,0,0.0086,0,0,0,0,0,0,0,0,0,0,0,0,0,0
"Common Eider",0,0.011,0,0,0,0,0,0,0,0,0,0,0,0,0,0,0,0,0,0,0,0,0,0,0,0,0,0,0,0,0,0,0,0,0,0,0,0,0,0,0,0,0,0,0
"Long-tailed Duck",0,0,0,0,0,0,0,0,0,0,0,0,0,0,0,0,0,0,0,0,0,0,0,0,0,0,0,0,0,0,0,0,0,0,0,0,0,0,0,0.0092,0.0296,0,0,0,0
"Bufflehead",0,0,0,0,0,0,0,0,0,0.0085,0,0,0,0.0103,0,0,0,0,0,0.0099,0,0,0,0,0,0.0081,0,0,0,0,0,0,0.0076,0,0.0095,0.0272,0.1985,0,0.0087,0.0368,0,0,0.0419,0.0348,0
"Common Goldeneye",0,0,0.0293,0.0305,0.1625,0.1039,0.0606,0.0357,0,0.2627,0.2066,0.0345,0,0.0103,0,0.019,0,0,0,0,0,0,0.0104,0,0.011,0,0,0.0089,0.0102,0.084,0.1113,0.1353,0.1065,0.0143,0.0758,0.2086,0,0.0751,0.0087,0.0184,0.0296,0,0.0671,0.0765,0.067
"Hooded Merganser",0.0206,0,0,0.0153,0,0,0,0,0,0.0085,0.0165,0,0,0,0,0,0,0,0,0,0,0,0,0.0099,0,0.065,0,0,0,0,0,0.0254,0,0,0.0095,0.0726,0.0993,0.0094,0.1304,0.1931,0.0296,0.0196,0,0.0417,0.0223
"Common Merganser",0.0103,0.022,0.0196,0.0305,0.1375,0.013,0.0202,0.1071,0.08,0.0932,0.0661,0,0.3643,0,0.3333,0,0.8824,0,0,0.1576,0.3216,0.3256,0.6218,0.5025,0.4396,1.1382,0.0762,0.1156,0.3868,0.1995,1.9186,0.2199,0.2129,0.1925,0.1991,2.9116,0.3176,0.2066,1.0696,2.1057,0.2857,0.5882,0.9476,0.4383,0.2384
"Red-breasted Merganser",0,0,0,0,0,0,0,0,0,0,0,0,0,0,0,0,0,0,0,0,0,0,0,0,0,0,0,0,0,0,0,0,0,0,0,0,0,0,0,0.0092,0,0,0,0,0
"merganser sp.",0,0,0,0,0,0,0,0,0,0,0,0,0,0,0,0,0,0,0,0,0,0,0,0,0,0,0,0,0,0,0,0,0,0,0,0,0,0,0.0696,0,0,0,0,0,0
"duck sp.",0,0,0,0,0,0,0,0,0.32,0,0,0,0,0,0,0,0,0,0,0,0,0,0,0,0,0,0,0,0,0,0,0,0,0,0,0,0,0,0,0,0,0,0,0,0
"Ring-necked Pheasant",0,0,0,0,0,0.013,0,0,0,0,0,0,0.0182,0,0,0,0,0,0,0.0099,0,0,0,0,0,0,0,0,0,0,0,0.0085,0,0,0,0,0,0,0,0.0092,0,0,0,0,0
"Ruffed Grouse",0.6186,0.3297,0.2933,0.3817,0.8375,0.4026,0.3939,0.3571,0.248,0.4576,0.3223,0.319,0.255,0.1856,0.2889,0.237,0.1765,0.1004,0.0985,0.1084,0.0804,0.1302,0.0725,0.0985,0.0989,0.122,0.1524,0.0356,0.0407,0.063,0.1199,0.0169,0.0456,0.0499,0.0948,0.0816,0.0199,0,0.0696,0.0368,0.0197,0.0294,0.1174,0.0278,0.0596
"Wild Turkey",0,0,0,0,0,0,0,0,0,0,0,0,0,0,0,0,0,0,0,0,0,0,0,0,0.0549,0,0,0,0.2341,0.189,0.197,0.4313,0.289,0.3636,0.8626,0.1088,1.0025,1.6808,0.5043,0,0.6995,0.6078,0.7296,0.5217,0.4544
"Pied-billed Grebe",0,0,0,0,0,0,0,0,0,0,0,0,0,0,0,0,0,0,0,0,0,0,0,0,0,0,0,0,0,0,0,0,0,0,0,0,0,0.0094,0,0,0.0099,0,0,0,0
"Horned Grebe",0,0,0,0,0,0,0,0,0,0.0085,0,0,0,0,0,0,0,0,0,0,0,0,0,0,0,0,0,0,0,0,0,0,0,0,0,0,0,0,0,0,0,0,0,0,0
"Great Blue Heron (Blue form)",0,0.044,0.0489,0.0153,0,0.013,0,0.0357,0.016,0.0339,0.0165,0.0345,0.0273,0.0309,0.0889,0.0284,0.0294,0.0223,0.0296,0.0296,0.0302,0.1023,0.0104,0.0887,0.022,0.0407,0.1238,0.0356,0.0204,0.0735,0.0428,0.0338,0.0532,0.0357,0.0569,0.0272,0.0298,0.0376,0,0.0276,0.0296,0.0882,0.0671,0.0626,0.0298
"Great Egret (American)",0,0,0,0,0,0,0,0,0,0,0,0,0,0,0,0,0,0,0,0,0,0,0,0,0,0,0,0,0,0,0,0,0,0,0,0.0091,0,0,0,0,0,0,0,0.007,0
"Turkey Vulture",0,0,0,0,0,0,0,0,0,0,0,0,0,0,0,0,0,0,0,0,0,0,0,0,0,0,0,0,0,0,0.0086,0,0,0,0,0,0,0,0,0,0,0.0098,0,0,0
"Golden Eagle",0,0,0,0,0,0,0,0,0,0,0,0,0,0,0,0,0,0,0,0,0,0,0,0,0,0,0,0,0,0,0,0,0,0,0,0.0091,0,0,0,0,0,0,0.0084,0,0
"Northern Harrier",0.0103,0,0,0,0,0,0,0.0119,0.008,0,0,0.0086,0.0182,0,0.0111,0.0095,0.0196,0.0112,0.0197,0,0.0201,0,0,0.0296,0,0.0081,0.0286,0.0267,0,0,0.0086,0,0,0.0285,0.0095,0.0363,0,0.0188,0.0348,0.0184,0,0,0,0,0.0149
"Sharp-shinned Hawk",0,0.022,0,0,0,0.026,0,0.0238,0.008,0.0085,0.0248,0.0345,0.0091,0.0103,0,0.0569,0.0392,0.0112,0.069,0.0493,0.0603,0.0372,0.0415,0.0591,0.0659,0.0325,0.0571,0.0356,0.0204,0.0525,0.0343,0.0423,0.0304,0.0143,0.0379,0.0544,0.0099,0.0376,0.0174,0.0644,0.0296,0.049,0.0252,0.007,0.0149
"Cooper's Hawk",0.0206,0.011,0.0098,0,0.0125,0,0,0.0119,0,0.0508,0.0083,0.0259,0.0091,0,0.0667,0.0284,0.0196,0,0.0197,0.0493,0.0603,0.0186,0,0.0493,0.0769,0.0325,0.0476,0.0267,0.0509,0.063,0.0343,0.0761,0.038,0.0428,0.0284,0.1088,0.0199,0.0563,0.0609,0.0184,0.1182,0.0882,0.0755,0.0348,0.0447
"Northern Goshawk",0.0103,0,0,0,0,0,0.0101,0,0.032,0.0254,0.0165,0.0172,0,0.0412,0.0111,0,0.0098,0.0223,0.0099,0,0,0,0,0.0197,0,0,0.0095,0.0178,0.0102,0.0105,0.0086,0.0169,0,0,0,0.0091,0,0.0094,0.0087,0.0092,0.0099,0,0,0.0139,0
"Accipiter sp.",0,0,0,0,0,0,0,0.0238,0,0,0,0,0,0,0,0,0,0.0112,0,0,0,0,0,0,0,0,0,0,0.0102,0,0,0,0,0,0,0,0,0,0,0,0,0,0,0,0
"Bald Eagle",0,0,0,0,0,0.013,0,0,0,0,0,0.0086,0,0,0,0,0,0,0,0.0099,0,0,0,0,0,0,0.0095,0,0.0102,0.0105,0,0.0169,0.0152,0.0071,0,0,0,0.0094,0.0609,0.0184,0.0591,0.0882,0.0419,0.0696,0.0372
"Red-shouldered Hawk",0,0,0,0,0,0,0,0,0,0,0,0.0086,0,0,0,0,0,0,0,0,0,0,0,0,0,0,0,0,0,0.0105,0,0,0,0,0,0,0,0.0094,0,0.0092,0,0.0098,0,0,0
"Red-tailed Hawk",0.6186,0.3516,0.4106,0.2137,0.5375,0.5195,0.3838,0.5238,0.224,0.4322,0.5785,0.3276,0.4007,0.5155,0.5,0.7488,0.3824,0.4688,0.4926,0.4926,0.4322,0.3256,0.4041,0.7291,0.3187,0.3089,0.3333,0.5422,0.2137,0.4829,0.454,0.389,0.3042,0.5348,0.5687,0.6349,0.2878,0.5352,0.4522,0.5885,0.5222,0.5882,0.4864,0.4313,0.4097
"Rough-legged Hawk",0.0412,0.022,0.0782,0,0.0125,0.013,0.0202,0.0476,0.008,0.0508,0.0579,0,0.1366,0.1753,0.0333,0.0948,0.0392,0,0.0394,0.0197,0.0503,0.0093,0,0.0296,0,0.0081,0.0381,0.1067,0.0407,0.0105,0.0086,0,0.038,0.0143,0.0379,0.0454,0,0.0282,0.0783,0,0.0296,0.0294,0.0084,0,0.0074
"Buteo sp.",0,0,0,0,0,0,0,0,0,0,0,0,0.0182,0,0,0,0,0,0,0,0,0,0,0,0,0,0,0,0,0,0,0,0,0,0,0,0,0,0,0,0,0,0,0,0
"American Coot",0,0.011,0.0196,0,0,0,0,0,0,0,0,0,0,0,0,0,0,0,0,0,0,0,0,0.0099,0,0,0,0,0,0,0,0,0,0.0071,0,0,0,0,0,0,0.0099,0,0,0,0
"Killdeer",0,0,0,0,0,0,0,0.0119,0,0,0,0,0,0,0,0,0,0,0,0,0,0,0,0,0,0,0,0,0,0,0,0,0,0,0,0,0,0,0,0,0,0,0,0,0
"Wilson's Snipe",0,0,0,0,0,0,0,0,0,0,0,0,0,0,0,0,0,0,0,0,0,0,0,0,0,0,0,0,0,0,0,0.0085,0,0,0,0,0,0,0,0,0,0,0,0,0
"Wilson's/Common Snipe",0,0,0,0,0,0,0,0,0,0,0,0,0,0,0,0.0095,0,0,0,0,0,0,0,0.0099,0,0,0,0,0,0,0,0,0,0,0,0,0,0,0,0,0,0,0,0,0
"American Woodcock",0,0,0,0,0,0,0,0,0,0,0,0,0,0,0,0,0,0,0,0,0,0,0,0,0,0,0,0,0,0,0,0,0,0,0,0,0,0,0,0,0,0,0,0,0
"Ring-billed Gull",0.5773,0,1.5054,0,0.35,0.3247,1.1313,0.5357,2.32,0.5847,0.2893,0.3448,0.0182,0.0825,1.3111,0.5782,1.7353,0.558,0.601,0.4236,0.804,2.2605,29.2746,9.5862,1.1209,19.1545,2.5333,0.5689,0.6107,0.9869,3.1092,0.3805,0.7681,1.3547,0.218,4.3719,22.5509,1.831,5.313,17.7195,1.0739,1.3627,0.7715,1.8435,0.8045
"Herring Gull",1.0206,0,1.6031,0.0305,2.8375,0.1429,4.0707,8.2381,8.88,7.3051,10.9339,10.4138,20.9016,24.5979,31.4667,16.673,40.7157,23.0246,18.4729,8.1379,9.2965,8.2419,9.1813,12.4729,3.9451,16.5122,4.1048,1.0489,0.8346,0.294,2.8009,1.5983,1.711,1.6542,0.7773,2.2404,3.6129,0.6761,10.8609,4.4138,1.1232,1.7451,2.2977,0.3548,2.5922
"Thayer's Gull",0,0,0,0,0,0,0,0,0,0,0,0,0,0.0103,0,0,0,0,0,0,0,0,0,0,0,0,0,0,0,0,0,0,0,0,0,0,0,0,0,0,0,0,0,0,0
"Iceland Gull",0,0,0,0,0,0,0.0202,0.0119,0,0.0169,0.0083,0,0.0273,0.0103,0.0222,0,0,0.0335,0.0099,0.0197,0,0,0,0,0,0,0.0381,0,0.0102,0,0,0,0.0076,0,0,0,0.0199,0,0.0783,0,0,0,0,0,0.0074
"Lesser Black-backed Gull",0,0,0,0,0,0,0,0,0,0,0,0.0086,0,0,0.0222,0,0.0098,0,0,0,0,0,0,0,0,0.0163,0,0,0,0,0,0,0,0,0,0,0,0,0.0087,0,0,0,0.0084,0,0
"Glaucous Gull",0.0309,0,0,0,0,0,0.0202,0.0238,0.024,0,0.0413,0.0517,0.082,0.0928,0.1889,0.3507,0.1373,0.1451,0.0099,0.1084,0.0503,0.0372,0.0104,0.0197,0.022,0.0081,0.0667,0,0,0,0,0,0.0076,0.0143,0,0,0,0,0.0522,0,0,0,0,0,0
"Great Black-backed Gull",0,0,0,0,0,0,0.0101,0.0357,0,0,0.0331,0.0172,0.1184,0.1546,0.2556,0.5308,0.1863,0.3571,1.1429,0.532,0.2613,0.3907,0.456,0.5517,0.022,0.3984,0.1048,0.0178,0.0204,0,0.0343,0.0338,0.0304,0.0071,0.0095,0.0635,0.0298,0.0094,0.0783,0.0184,0.0296,0.0196,0.0671,0.0139,0.0223
"gull sp.",0,0,0,0,0,0,0,0.0595,0,0,0,0,0.1002,0,0,0,0,0.2344,0.6897,0,0,0.4465,0,0,0,0.1707,0.2095,0.2311,0.0509,0,0,0,0,0,0,0,0,0,0,0.1655,0.1379,0,0.0168,0,0
"Rock Pigeon (Feral Pigeon)",2.0412,5.5165,2.9814,8.2748,5.225,6.7273,6.4545,5.6071,3.72,6.1949,9.0909,8.2845,12.3406,4.0928,12.8444,4.9005,7.8235,7.5781,10.532,8.6897,7.9598,8.8279,7.9585,11.064,8.5934,9.7642,7.2476,2.9067,2.7379,5.1234,6.7752,5.2008,4.4259,3.287,4.1232,4.6077,8.6352,4.0376,3.0609,3.3931,4.0394,4.4118,6.1048,2.4696,5.3184
"Mourning Dove",0.5258,0.3516,0.2151,1.2824,0.3625,3.3896,0.6465,1.619,0.672,3.4576,5.562,7.319,3.9162,2.0206,4.1889,2.9953,1.9118,4.5759,4.6897,5.399,2.5528,4.1767,1.9793,3.3202,5.4066,4.4959,5.5143,6.4,4.631,4.8189,5.2077,11.3827,3.0418,3.1087,6.455,5.7868,5.2903,5.8498,2.4,1.5632,4.4039,6.6373,3.086,1.1548,3.6574
"Eastern Screech-Owl",0,0,0,0,0,0,0,0,0,0,0.0413,0.0259,0.0364,0,0.0222,0.0095,0.0098,0.0446,0.0197,0.0296,0.0101,0.0093,0,0.0099,0.044,0.0325,0.0857,0.0267,0.0102,0.0525,0.0771,0.0677,0.0456,0.0499,0.1422,0.1088,0.0397,0.0657,0.0522,0.0828,0.0296,0.0686,0.0419,0.0209,0.1192
"screech-owl sp.",0.0103,0,0,0,0,0.026,0.0202,0,0,0,0,0,0,0,0,0,0,0,0,0,0,0,0,0,0,0,0,0,0,0,0,0,0,0,0,0,0,0,0,0,0,0,0,0,0
"Great Horned Owl",0.0619,0.011,0,0.0305,0.025,0.0649,0.0909,0.0238,0.008,0.0763,0.0826,0.0776,0.0546,0.0309,0.0444,0.0284,0.0294,0.0558,0,0.0197,0.0302,0.0186,0.0415,0.0197,0,0.0325,0.0476,0.0533,0.0102,0.0315,0.0171,0.0169,0.0076,0.0285,0,0.0091,0.0397,0,0.0174,0.0736,0.0197,0.0588,0.0168,0.0139,0.0372
"Snowy Owl",0,0,0,0,0,0,0,0,0,0,0.0165,0,0,0.0103,0,0,0,0,0,0,0,0,0,0,0,0,0,0,0,0,0,0,0,0,0,0,0,0.0094,0,0,0,0.0098,0,0,0
"Barred Owl",0,0,0,0,0,0,0,0,0,0,0,0,0,0,0,0,0,0,0,0,0,0,0,0,0,0.0081,0,0,0,0,0,0,0.0152,0,0,0,0.0199,0,0,0,0,0,0.0168,0,0
"Long-eared Owl",0,0,0,0,0,0,0,0,0,0,0,0,0,0,0.0111,0,0,0,0,0,0,0,0,0,0,0,0,0,0,0,0.0086,0,0.0152,0,0.0095,0,0,0,0.0087,0.0092,0,0,0.0084,0,0
"Short-eared Owl",0,0,0,0,0,0,0,0,0,0,0,0,0,0,0,0,0,0,0,0,0,0,0,0,0,0,0,0.0089,0,0,0,0,0,0,0,0,0,0,0,0,0,0,0,0,0
"Northern Saw-whet Owl",0,0,0,0,0,0,0,0,0,0,0,0,0,0,0,0,0,0,0,0,0,0,0,0,0,0,0,0,0,0,0,0,0,0.0143,0,0,0,0,0,0,0,0,0,0,0
"Belted Kingfisher",0.1031,0.0769,0.0391,0.0763,0.1,0.0649,0.0909,0.0714,0.016,0.0339,0.0413,0.0517,0.0273,0.0309,0.0222,0.0664,0.1078,0.0893,0.0591,0.0394,0.0402,0.093,0.1244,0.1182,0.0769,0.0569,0.1143,0.0444,0.0204,0.0525,0.0857,0.0507,0.0304,0.0214,0.0853,0.0544,0.0695,0.0282,0.0522,0.0552,0.0493,0.1078,0.109,0.0139,0.0745
"Red-bellied Woodpecker",0,0,0,0,0,0,0,0,0,0,0,0.0086,0,0,0,0,0,0,0,0,0,0.0093,0,0,0,0,0,0.0178,0.0102,0.0105,0.0171,0.0423,0.0076,0.0214,0.0664,0.0907,0.0496,0.0751,0.113,0.1379,0.1872,0.1569,0.1761,0.0904,0.1862
"Yellow-bellied Sapsucker",0,0,0,0,0,0,0,0,0,0,0,0,0,0,0,0,0,0,0,0,0,0,0,0,0,0,0,0,0,0,0,0,0,0,0,0,0,0,0,0,0,0.0098,0,0,0
"Downy Woodpecker",0.7526,0.3626,0.3226,0.5191,0.7875,0.7792,0.5152,0.3929,0.16,0.5593,0.9421,0.7931,0.7559,0.7113,0.4778,0.4171,0.4412,0.5246,0.4039,0.8966,0.6231,0.5302,0.2591,0.8867,0.4725,0.4065,0.419,0.4978,0.5903,0.6404,0.4197,0.7188,0.4183,0.6203,1.0521,0.6349,0.5261,0.77,0.8261,0.9195,0.5517,0.7353,0.7631,0.3965,0.4618
"Hairy Woodpecker",0.1443,0.1538,0.1173,0.1985,0.175,0.3506,0.1212,0.2024,0.072,0.2288,0.3223,0.2069,0.2641,0.2577,0.0667,0.0948,0.1765,0.2121,0.0788,0.1478,0.1407,0.2698,0.0725,0.3153,0.1538,0.122,0.2571,0.2311,0.1628,0.252,0.2227,0.3298,0.2357,0.1854,0.455,0.3537,0.3077,0.2254,0.2261,0.3034,0.2365,0.2941,0.3606,0.1183,0.2384
"Black-backed Woodpecker",0,0,0,0,0,0,0,0,0,0,0,0,0,0,0,0,0,0,0,0,0,0,0,0,0,0,0,0,0,0,0,0,0,0,0,0,0,0,0,0,0,0,0,0,0
"Northern Flicker",0,0,0,0,0,0,0,0,0,0.0085,0,0,0,0,0,0,0,0,0,0,0.0101,0.0093,0,0,0,0,0,0,0.0102,0.0105,0,0,0,0,0.019,0,0,0.0563,0.0087,0,0.0099,0.0294,0.0168,0,0.0074
"Northern Flicker (Yellow-shafted)",0,0,0,0,0,0,0,0,0,0,0,0.0086,0,0,0.0111,0.0379,0.0196,0,0.0296,0.0099,0,0,0.0104,0.0197,0,0.0081,0.0095,0,0,0,0,0,0,0,0,0,0,0,0,0,0,0,0,0,0
"Pileated Woodpecker",0,0.011,0,0,0.025,0.026,0,0.0119,0.008,0.0339,0.0165,0.0603,0.0182,0.0103,0.0111,0.019,0.0098,0.0223,0,0.0296,0.0201,0.0186,0,0.0591,0.033,0.0244,0.0476,0.0267,0.0102,0.021,0.0514,0.0423,0.0304,0.0713,0.0569,0.0363,0.0199,0.0657,0.0522,0.1103,0.0394,0.1078,0.1174,0.0348,0.067
"American Kestrel",0.1031,0.0769,0.176,0.1832,0.1375,0.2208,0.2222,0.2381,0.12,0.1864,0.2645,0.2155,0.2186,0.1546,0.1556,0.1043,0.098,0.1116,0.1478,0.1182,0.0503,0.1302,0.114,0.069,0.0769,0.0407,0.0952,0.0533,0.0102,0.042,0.0171,0.0254,0.0228,0.0071,0.0379,0.0091,0.0199,0,0.0174,0.0092,0.0197,0.0294,0,0.007,0
"Merlin",0,0,0,0,0,0,0,0,0,0,0,0.0086,0,0,0,0,0,0,0.0099,0,0.0101,0.0093,0,0,0.011,0,0,0.0089,0,0.0105,0.0171,0.0085,0.0076,0.0071,0.0095,0.0181,0,0.0188,0.0261,0.0184,0,0.0294,0.0419,0.007,0.0298
"Peregrine Falcon",0,0,0,0,0,0,0,0,0,0,0,0,0,0,0,0,0,0,0,0,0,0,0,0,0,0,0,0,0,0,0,0,0,0,0,0,0,0,0,0.0092,0,0.0098,0.0084,0,0.0074
"Eastern Phoebe",0,0,0,0,0,0,0,0,0,0,0,0,0,0,0,0,0,0,0,0,0,0,0,0,0,0,0,0,0,0,0,0,0,0,0,0,0,0,0,0,0,0,0,0,0.0074
"Northern Shrike",0.0619,0.1319,0.1173,0.0763,0,0.0519,0.0303,0.1071,0.008,0.0593,0.124,0.0345,0.0638,0.0309,0.2,0.1232,0.0196,0.0112,0.0296,0.1478,0.0704,0.0651,0.0311,0.1379,0.0769,0.0325,0.0476,0.0267,0.0102,0.063,0.0428,0.0761,0.0913,0.0428,0.0474,0.0998,0.0298,0.0469,0,0.0276,0,0.049,0.0168,0.007,0.0149
"Gray Jay",0,0,0,0,0,0,0,0.0119,0,0,0,0,0,0,0,0,0,0,0,0,0,0,0,0,0,0,0,0,0,0,0,0,0,0,0,0,0,0,0,0,0,0,0,0,0
"Blue Jay",1.1031,0.956,0.9286,1.8779,1.4375,1.2208,0.9798,1.1667,0.84,1.5593,2.7521,1.6897,2.2495,1.433,1.4333,0.9289,1.6275,1.9085,1.6552,2.1084,0,1.4326,1.057,2.3251,2.3956,1.2846,2.019,0.7022,1.0382,2.0892,1.1991,1.8943,1.6654,1.262,1.9526,1.5238,1.2407,1.7934,1.1478,1.6184,1.6256,2.2843,1.1237,0.487,2.0186
"American Crow",0.8144,0.4286,0.7429,0.4885,1.35,1.026,0.7778,1.4643,1.184,1.0085,1.6198,1.9224,2.3042,3.0722,4.9889,6.654,4.9902,2.8906,6.3842,7.0049,8.603,6.0558,14.456,25.0148,10.7033,10.1707,9.6476,7.5822,10.9517,14.3727,7.015,10.0465,6.3346,7.2585,8.3791,6.9206,5.737,5.3615,5.513,5.646,6.0394,7.7549,4.8386,2.7687,3.7169
"Common Raven",0,0,0,0,0,0,0,0,0,0,0,0,0,0,0,0,0,0,0,0,0,0,0,0,0,0,0.0095,0,0.0305,0.021,0,0.0169,0.038,0.0071,0.0379,0.0544,0.0695,0.1033,0.113,0.1563,0.1084,0.3824,0.1677,0.2296,0.3203
"Horned Lark",0,0.5495,0,0.229,0.0125,0,0.2525,0.2381,0,0.4407,0.0496,0.2414,0.5829,1.2577,0,0.0284,0,0,0.1182,0.3645,0.0402,0.8372,0.2591,0,0.0659,0.1707,0.1238,0.1422,0.0814,0.5249,0.0086,0.0338,0.0076,0.0357,0.1801,0,0,0.0094,0,0,0.0099,0,0.0168,0.0557,0.0074
"Black-capped Chickadee",7.7835,3.8571,5.0831,5.8321,9.5125,9.3117,6.9899,8.2381,4.168,5.7203,10.3471,6.9224,9.4171,7.6495,7.6444,6.8436,9.7451,14.8549,8.6502,8.0394,8.7739,8.586,11.0259,12.3251,8.5714,10.2846,8.9524,8.1956,7.2061,10.8661,8.7709,6.5285,8.9049,7.1872,8.7299,7.4376,8.8635,6.9202,9.0435,9.1862,5.064,7.9804,7.1447,5.0296,7.0093
"Boreal Chickadee",0.0103,0,0,0,0,0,0,0,0,0,0.0083,0,0,0,0,0,0,0,0,0,0,0,0,0,0,0,0,0,0,0,0,0,0,0,0,0,0,0,0,0,0,0,0,0,0
"Tufted Titmouse",0,0,0,0,0,0,0,0,0,0,0,0,0,0,0,0,0,0,0,0,0,0,0,0,0,0,0,0,0,0,0,0,0,0,0,0,0,0,0,0,0,0,0,0,0
"Red-breasted Nuthatch",0.0515,0.044,0.0391,0,0.0125,0.026,0.0606,0.0238,0.016,0.0593,0.1074,0.0948,0.0182,0.134,0.1667,0.1137,0.1961,0.4576,0.069,0.1281,0.1005,0.1116,0.0415,0.1379,0.1978,0.1545,0.0857,0.2222,0.0916,0.2415,0.2398,0.2706,0.4791,0.1711,0.1706,0.3175,0.5757,0.3286,0.487,0.3494,0.2167,0.4118,0.3187,0.1739,0.6034
"White-breasted Nuthatch",0.6082,0.1648,0.4008,0.229,0.3625,0.4156,0.3535,0.2381,0.096,0.5085,0.5124,0.5172,0.5191,0.5361,0.3556,0.2938,0.4216,0.8371,0.335,0.5813,0.3216,0.5023,0.1658,0.7882,0.1978,0.6504,0.2381,0.4267,0.2646,0.8084,0.1456,0.8964,0.3422,0.5348,0.6066,0.381,0.4764,0.2347,0.5652,0.8828,0.6601,0.6667,0.6876,0.2991,0.6257
"Brown Creeper",0,0.0659,0.0391,0.0153,0.025,0.0779,0.0404,0.1905,0.064,0.0424,0.0496,0.0345,0.0638,0.0825,0.0444,0.0664,0.1471,0.1897,0.1379,0.0493,0.1106,0.1953,0.0725,0.0887,0.0769,0.1382,0.1048,0.0622,0.0305,0.063,0.137,0.0592,0.0837,0.0998,0.0853,0.0454,0.0794,0.0939,0.0957,0.0552,0.1281,0.0882,0.1174,0.1113,0.0596
"Winter Wren",0,0,0,0,0,0,0,0,0,0,0,0,0,0,0,0,0,0,0,0,0,0,0,0,0,0,0,0,0,0,0,0,0,0,0.0284,0,0.0099,0.0094,0.0348,0.0276,0.0394,0.049,0.0503,0.0209,0.067
"Pacific/Winter Wren",0.0206,0,0,0,0,0,0,0.0357,0.008,0.0339,0.0248,0.0259,0.0091,0.0103,0.0111,0,0.0098,0.067,0.0493,0.0394,0.0101,0.0093,0.0311,0.0493,0.0879,0.0325,0.0571,0.0178,0.0102,0.0735,0.0171,0.0423,0.0456,0.0285,0,0,0,0,0,0,0,0,0,0,0
"Carolina Wren",0,0,0,0,0,0,0,0,0,0,0,0,0,0,0,0.0095,0,0,0,0,0,0.0093,0,0,0,0,0,0.0267,0,0,0,0,0,0,0.0095,0,0,0.0094,0,0,0.0099,0,0,0,0
"Golden-crowned Kinglet",0.0412,0.6484,0.0196,0.0916,0.2875,0.026,0.1111,0.9405,0.552,0.4492,0.2479,0.431,0.1548,0.7423,0.5,0.1896,0.3529,0.3237,0.7389,0.1675,0.0603,0.4279,0.829,0.2069,0.4945,0.1789,0.4381,0.1244,0.1527,0.2205,0.1627,0.1268,0.3802,0.1569,0.5877,0,0.1787,0.2817,0.4435,0.1287,0.2463,0.5098,0.1509,0.2157,0.1713
"Ruby-crowned Kinglet",0,0,0.0196,0,0.025,0,0,0,0.008,0,0,0.0345,0,0,0,0,0.0098,0,0,0,0.0101,0,0,0,0,0,0,0.0089,0,0,0,0,0,0,0,0,0,0,0,0,0,0,0,0,0
"Eastern Bluebird",0,0,0,0,0,0,0,0,0,0,0,0,0,0,0,0,0,0,0,0,0,0,0,0,0,0,0,0,0,0,0.0428,0,0,0,0,0,0,0.0469,0,0,0.1576,0.0196,0,0,0.0521
"Townsend's Solitaire",0,0,0,0,0,0,0,0,0,0,0,0,0,0,0,0,0,0,0,0,0,0,0,0,0,0,0,0,0,0,0,0,0,0,0,0,0,0,0,0,0,0,0,0,0
"Swainson's Thrush",0,0,0,0,0,0,0,0,0,0,0,0,0,0,0,0,0,0,0,0,0,0,0,0.0099,0,0,0,0,0,0,0,0,0,0,0,0,0,0,0,0,0,0,0,0,0
"Hermit Thrush",0,0,0,0,0,0,0,0,0,0.0085,0,0,0,0,0,0.0095,0,0,0,0,0,0,0,0.0099,0,0,0.0095,0,0,0.0105,0,0.0085,0,0,0,0,0,0,0,0,0,0,0,0,0
"American Robin",0.1134,0.011,0.0196,0.0458,0.2375,0.1818,0.0101,0.0357,0.04,0.2881,0.0579,0.4655,0.1366,0.299,0.1333,0.1706,0.2941,0.1116,2.4039,0.1379,0.0603,2.5953,8.2073,6.8966,2.0549,0.2033,2.4571,0.4711,3.2468,3.0551,1.3362,0.8203,1.3308,0.6702,1.0521,2.3673,0.7841,1.2488,0.313,0.8644,11.8325,3.0294,0.0922,0.5426,1.7803
"Varied Thrush",0,0,0,0,0,0,0,0,0,0,0,0,0,0,0,0,0,0,0,0,0,0,0,0,0,0,0,0,0,0,0,0,0,0,0,0,0,0,0,0,0,0,0,0,0
"Gray Catbird",0,0,0,0,0,0,0,0,0,0,0,0,0,0,0,0.0095,0,0,0,0,0,0,0,0,0,0,0,0,0,0,0,0,0,0,0,0,0,0,0.0087,0,0,0,0,0,0
"Brown Thrasher",0,0,0,0,0,0,0,0,0,0,0,0,0.0091,0,0,0,0,0,0,0,0,0,0,0,0,0,0,0,0,0,0,0,0,0,0,0,0,0,0,0,0,0,0,0,0
"Northern Mockingbird",0,0,0,0,0.0125,0,0,0,0,0,0,0,0.0091,0.0103,0,0,0,0,0,0,0,0,0.0104,0,0,0,0,0,0,0,0,0.0085,0,0.0214,0.019,0,0.0099,0.0094,0.0087,0,0,0,0,0.007,0
"European Starling",76.4639,10.7363,83.4702,17.5878,11.25,8.8182,10.9091,12.7143,10.16,5.0339,19.1736,18.9224,24.1894,30.7526,26.5889,16.3223,20.2353,18.5826,49.1823,20.8966,23.4975,34.2419,52.0311,66.0493,23.989,23.6179,29.0095,6.64,2.0865,21.4488,40.848,10.9937,12.4411,15.0446,9.1659,27.2744,12.9132,8.3756,9.6783,6.6759,10.2956,16.6373,3.9329,7.3878,12.3724
"Bohemian Waxwing",0,0,0,0,0,0,0,0,0,0,0,0,0,0,0,0,0,0.0112,0,2.335,0,0.0651,0,0,0,0,0,0,0,0,0,2.6047,0,0,3.4692,0,0.139,0,0,0,0,0,0.4864,0,0.0298
"Cedar Waxwing",0,0,0.4203,1.313,3.375,0.9221,0.1414,0.2619,0.656,0.3644,0.876,1.9052,3.1148,2,0.6333,2.6445,2,1.7076,2.5517,0.4138,3.799,3.7209,0.6528,2.7783,5.9011,0.3821,5.7048,5.2,0.9669,2.5197,0.6424,1.8774,1.962,1.1266,1.8483,1.7868,2.2432,0.8638,2.2087,1.177,5.734,0.3529,0.3941,0.5843,0.9311
"Lapland Longspur",0,0,0,0,0,0,0.0505,0,0,0,0,0,0,0.0103,0,0,0,0.0112,0,0,0.0101,0,0,0,0,0.0081,0,0,0,0,0,0,0,0,0.0095,0,0,0,0,0,0,0,0,0,0
"Snow Bunting",0.7216,1.0989,11.7302,1.0687,0.0125,2.4805,2.2222,0,0,0.9237,1.843,5.6983,2.0401,11.3299,0.7889,7.9716,0.0098,0,0.7389,5.1921,5.3266,0.9302,6.3109,0.7685,1.1319,4.065,0,0.5778,0.855,3.6955,0.0171,4.4736,1.4221,2.2103,4.5498,3.1565,2.1836,2.0469,0,0.8276,4.6404,1.2157,0.0671,0.2017,0
"Orange-crowned Warbler",0,0,0,0,0,0,0,0,0,0,0,0,0,0,0,0,0,0,0,0,0,0,0,0,0,0,0,0,0,0,0,0,0,0,0,0,0.0099,0,0,0,0,0,0,0,0
"Common Yellowthroat",0,0,0,0,0,0,0,0,0,0,0,0,0,0,0,0,0,0,0,0,0,0,0,0,0,0,0,0,0,0,0.0086,0,0,0,0,0,0,0,0,0,0,0,0,0.007,0
"Palm Warbler",0,0,0,0,0,0,0,0,0,0,0,0.0086,0,0,0,0,0,0,0,0,0,0,0,0,0,0,0,0,0,0,0,0,0,0,0,0,0,0,0,0,0,0,0,0,0
"Pine Warbler",0,0,0,0,0,0,0,0,0,0,0,0,0,0,0,0,0,0,0,0,0,0,0,0,0,0,0,0,0,0,0,0,0,0,0.0095,0,0,0,0,0,0,0,0,0,0
"Yellow-rumped Warbler (Myrtle)",0,0,0,0,0.0125,0,0,0,0,0,0,0,0,0.0103,0,0,0,0.0112,0,0,0,0,0,0,0,0,0.0095,0,0,0,0,0,0,0,0,0,0.0099,0,0,0,0,0,0,0,0
"American Tree Sparrow",2.4948,7.7253,3.9492,3.2366,2.725,5.4416,2.3232,3.619,1.512,4.5085,3.405,2.9397,4.2168,3.2062,2.0778,2.2275,1.6961,3.5938,2.2463,4.0394,3.5779,2.3442,2.3731,3.399,3.2527,0.878,1.2095,2.3556,3.1552,4.5774,1.3619,0.8541,2.0304,1.9679,4.5592,1.9864,3.3548,2.9671,1.3217,2.5563,3.0936,1.9314,0.4528,0.5009,1.7803
"Chipping Sparrow",0,0,0,0,0,0,0,0,0,0,0,0,0,0,0,0.0095,0,0,0,0,0,0,0,0,0,0,0,0,0,0,0,0,0.0076,0,0,0,0,0.0094,0,0,0,0.0098,0,0,0
"Field Sparrow",0,0,0,0,0,0,0.0101,0.0119,0,0,0,0,0,0,0,0,0,0,0,0,0,0,0,0,0.011,0,0,0,0,0,0,0,0,0,0,0,0,0,0,0,0,0,0,0,0
"Lark Sparrow",0,0,0,0,0,0,0,0,0,0,0,0,0,0,0,0,0,0,0,0,0,0,0,0,0,0,0,0,0,0,0,0,0,0,0,0,0,0,0,0,0,0,0,0,0
"Fox Sparrow",0,0,0,0,0,0,0,0,0,0,0,0,0,0,0,0,0,0,0,0,0,0,0,0,0,0,0,0,0,0,0,0,0.0076,0,0,0,0,0,0,0,0.0099,0,0,0,0.0074
"Dark-eyed Junco",0,0,0,0,0,0,0,0,3.32,3.161,0,0,0,0,0,0,0,0,0,0,0,0,0,0,0,2.5447,0,9.4933,5.2417,0,3.1863,3.0698,5.019,2.5526,4.8152,3.8912,4.0893,8.1408,3.0348,0,9.5862,8.1863,0,2.4696,2.6741
"Dark-eyed Junco (Slate-colored)",2.6598,3.3736,2.6882,2.5496,4.275,2.8961,1.5859,2.6905,0,0,3.8347,1.9741,2.9508,3.5464,2.0111,2.6825,2.0588,2.0536,2.2562,1.9901,3.2362,2.8558,4.1658,4.601,3.8132,0,3.9143,0,0,6.2992,0,0,0,0,0,0,0,0,0,3.8897,0,0,3.4885,0,0
"Dark-eyed Junco (Oregon)",0,0,0,0,0,0,0,0,0,0,0,0,0,0,0,0,0,0,0,0,0,0,0,0,0.011,0,0,0,0,0,0,0,0,0,0,0,0,0,0,0,0,0,0,0,0
"White-crowned Sparrow",0,0,0,0,0,0,0,0,0,0,0,0,0,0,0,0,0,0,0,0,0,0,0,0,0,0,0,0,0,0,0,0,0.0076,0,0,0,0,0,0.0087,0,0,0,0,0,0
"White-throated Sparrow",0,0.0989,0.0098,0,0.175,0.026,0,0.0119,0,0,0,0,0.0091,0.0103,0,0,0.0392,0.0112,0.0296,0.0394,0.0201,0.0372,0,0.0099,0.011,0.0081,0.019,0.0978,0.0611,0.084,0.0257,0.0507,0.0608,0.0428,0.0284,0.0363,0.0099,0.0282,0.0174,0.046,0.1084,0.0588,0.0755,0.0487,0.067
"Vesper Sparrow",0,0,0,0,0,0,0,0,0,0,0,0.0086,0,0,0,0,0,0,0,0,0,0,0,0,0,0,0,0,0,0,0,0,0,0,0,0,0,0,0,0,0,0,0,0,0
"Savannah Sparrow",0,0,0,0,0,0,0,0,0,0,0,0,0,0,0.0111,0,0,0,0,0,0,0,0,0,0,0,0,0,0,0,0,0,0,0,0,0,0,0,0,0,0,0,0,0,0
"Song Sparrow",0.0825,0.0989,0.0684,0.1374,0.1,0.2987,0.0202,0.1548,0.112,0.0847,0.0165,0.1638,0.1093,0.0412,0.0444,0.0664,0.0588,0.1004,0.1379,0.0985,0.0704,0.1395,0.0207,0.0493,0.022,0.0163,0.1048,0.0444,0,0.042,0.06,0.0338,0.0228,0.0214,0.0569,0.0272,0.0298,0.0469,0.0174,0.046,0.069,0.0588,0.0587,0.0487,0.0968
"Swamp Sparrow",0.0206,0.011,0,0,0,0.1039,0.0101,0,0.016,0.0508,0.0083,0.1121,0.0182,0.0206,0.0444,0.0853,0.0784,0.1786,0.0394,0.0887,0.0201,0.0186,0,0.0394,0.033,0.0163,0.0857,0.0622,0,0.021,0.0257,0.0169,0.0228,0.0071,0.0569,0.0544,0.0496,0.0188,0.0522,0.0368,0.0197,0.0098,0.0587,0.0278,0.149
"Eastern Towhee",0,0,0,0,0,0,0,0,0,0,0,0,0,0,0,0,0,0,0,0,0,0,0,0,0,0,0,0,0,0,0,0,0.0076,0,0,0,0,0,0,0,0.0099,0.0098,0.0084,0,0
"Spotted/Eastern Towhee (Rufous-sided Towhee)",0,0,0.0098,0,0,0,0,0,0,0,0,0,0,0,0,0,0,0,0,0,0,0,0,0,0,0,0,0,0,0,0,0,0,0,0,0,0,0,0,0,0,0,0,0,0
"Northern Cardinal",0.433,1.033,0.4399,0.7023,0.8625,0.5065,0.7778,0.7024,0.28,0.6949,0.9008,0.8276,0.9654,0.6804,0.7889,0.6825,0.6078,0.8482,0.9557,0.798,1.0553,0.7814,1.0259,1.0542,1.2527,0.9187,0.7238,0.9244,1.2723,1.0814,0.6852,1.1924,1.308,0.8984,1.2417,0.9433,1.3201,0.8732,0.8087,1.3333,1.1232,1.3333,0.8134,0.633,1.2439
"Red-winged Blackbird",1.5464,0,0.0098,0,0,0,0,0,0.008,0,0,0.0086,0,0,0,0,0,0.0112,0,0,0,0,0,0,0,0,0,0,0,0,0,0,0,0,0,0,0,0,0.0522,0.0184,0,0.0098,0,0,0.0074
"Western/Eastern Meadowlark",0,0,0,0,0,0,0,0,0,0,0,0,0,0,0,0,0,0,0,0,0,0,0,0,0,0,0,0,0,0,0,0,0,0,0,0,0,0,0,0,0,0,0,0,0
"Rusty Blackbird",0,0,0,0,0,0,0,0,0.008,0,0,0,0,0,0,0,0,0.0112,0,0,0,0,0,0,0,0.0732,0,0,0,0.0105,0,0,0,0,0,0,0,0,0,0,0,0,0,0,0
"Common Grackle",0.0722,0.011,0.0293,0,0,0.013,0.0303,0.0119,0,0.0169,0.0083,0,0,0,0.0111,0,0,0,0,0,0.0101,0,0,0.0197,0,0,0,0,0,0,0,0.0085,0,0,0,0,0,0,0,0,0,0,0,0,0.0074
"Brown-headed Cowbird",309.2784,0.3736,155.2297,0.0153,0.0125,0,0.6061,0.0119,0.024,0,0.0083,0,0,0.0619,0,0,0,0,0.0493,0,0.1005,0,0,0.0493,0.0769,0,0.019,0.0444,0,0.0105,0,0,0.0076,0,0,0,0,0,0,0.0184,0,0.0392,0,0,0
"blackbird sp.",0,0,0,0,0,0,0,0,0.008,0,0,0,0,0,0,0,0,0,0,0,0,0,0,0,0,0,0,0,0,0,0,0,0,0,0,0,0,0,0,0,0,0,0,0,0
"Pine Grosbeak",2.6804,0,0.3226,0,0,0.2857,0.6263,0,0,0.8559,0,0.0431,0,0,0,0,0,0.6808,0,0.3941,0,0.093,0,0,0,0.0081,0,0,0,0,0,0.9218,0,0,0,0,0,0,0,0,0,0,0,0,0.0298
"House Finch",0,0,0,0,0,0,0,0,0.016,0.2034,0.7025,0.7931,1.439,0.9485,3.8889,2.5403,2.1667,3.8728,5.468,5.4778,3.809,1.5907,2.7668,3.4187,2.1209,1.5528,2.2381,1.5111,0.631,0.9974,0.2912,1.666,1.2852,0.7986,0.7109,1.415,0.4467,0.7887,0.5565,0.6529,0.4729,0.5882,0.4528,0.1948,0.0521
"Purple Finch",0,0.011,0.0098,0.8855,0.0125,0.0779,0.0606,0.5,0.264,0,0.281,0.0345,0.2277,0.0206,0,0.2654,0.2353,0.1228,0.0788,0,0.0503,0.0093,0,0.2266,0.1538,0.0244,0,0.0089,0.1527,0.084,0.0086,0,0,0,0.0095,0.4354,0,0,0.0087,0.0184,0.0099,0.0196,0.0084,0,0.0372
"Haemorhous sp.",0,0,0,0,0,0,0,0,0,0.0339,0,0,0,0,0,0,0,0,0,0,0,0,0,0,0,0,0,0,0,0,0,0,0,0,0,0,0,0,0,0,0,0,0,0,0
"Red Crossbill",0,0,0.0098,0,0,0,0,0,0,0,0,0,0,0,0,0,0,0,0,0,0,0,0,0,0,0,0,0,0,0,0,0,0,0,0,0,0,0,0,0,0,0,0,0,0.0521
"White-winged Crossbill",0.0515,0,0,0,0,0,0,0,0,0,0,0,0,0.1134,0,0,0,0,0.0099,0,0,0.0093,0,0,0,0,0,0,0,0,0,0,4.4563,0,0.0095,0.1995,0,0,0,0,0,0,0.0084,0,0.0372
"Common Redpoll",1.0206,0.2198,0.4008,0,0,0.2597,3.0707,0,0,4.7203,6.8182,0.8966,0,0.0515,0,0.0948,0,5.1674,0,1.0542,0,3.814,0,1.1133,0,4.0488,0,1.1289,0.2137,0.1575,0,10.8753,0.0456,0,0.0284,0,4.1489,0,0.0087,0,0,0,1.3249,0.2574,3.8883
"Hoary Redpoll",0,0,0,0,0,0,0,0,0,0,0,0,0,0,0,0,0,0,0,0,0,0,0,0,0,0,0,0,0,0,0,0,0,0,0,0,0,0,0,0,0,0,0,0,0
"redpoll sp.",0,0,0,0,0,0,0,0,0,0,0,0,0,0,0,0,0,0,0,0,0,0.0186,0,0,0,0,0,0,0,0,0,0,0,0,0,0,0,0,0,0,0,0,0,0,0
"Pine Siskin",0.567,0,0.0196,0,0,0.987,1.0404,0,0,0.1356,0.9835,1.6983,0,0.9794,0,0.2275,0,0,0,0,0,0.3814,0,0.2857,0.6154,0.2033,0,0.4533,0.0814,0.9029,0,0.0507,2.3042,0,0.1422,1.9683,0.3077,0,0.0174,0.0276,0.0197,2.0784,0.0755,0,4.1862
"American Goldfinch",1.9897,0.8462,3.1085,5.0534,1.9875,2.1688,1.4949,1.8095,4.952,2.9492,3.7355,2.5948,2.7505,2.6907,1.4889,3.545,2.0098,0.5246,2.2167,1.9015,4.2714,2.8,1.9793,2.3153,0,2.7561,2.4571,3.1556,3.9186,6.9081,3.606,3.4249,7.1483,2.4242,3.9526,5.9501,2.8288,5.6244,2,4.0184,3.6355,5.402,1.6771,1.6974,2.7858
"Evening Grosbeak",2.2474,0.011,4.8387,0.3206,2.6,2.013,3,0.0476,0,2.4915,1.6116,0.819,0.0182,0.1959,1.0889,0.1896,0,0.3013,0,0.1773,0,0.0372,0.0104,0.0197,0,0,0,0,0,0,0,0,0,0,0,0,0,0,0,0,0,0,0.0084,0,0.0596
"House Sparrow",5.0928,5.1099,6.8231,3.1908,7.8125,9.987,16.8687,10.6548,6.832,11.2627,9.9091,7.0086,10.3643,7.5361,12.1111,5.6493,3.5882,4.7656,9.1823,3.9113,5.4271,3.5814,4.7358,2.6798,4.0769,1.3984,1.6095,1.1111,1.1807,1.7743,2.9807,2.7822,2.9354,3.6506,2.5877,2.2948,1.2804,3.5399,1.4522,2.2713,2.2167,3.0686,1.7526,0.8765,0.4618